Metric,Value
Loss,0.21633983204777313
IoU,0.5725769646734309
Accuracy,0.9352810787351172
Precision,0.9534186716459576
Recall,0.8397870651710617
F1 Score,0.893002572657453
